node_key,name,parent_node_key
stationery_paper_goods_correspondence,"Stationery, Paper Goods & Correspondence",
stationery_paper_goods_correspondence_greeting_cards,Greeting Cards,stationery_paper_goods_correspondence
stationery_paper_goods_correspondence_greeting_cards_birthday,Birthday,stationery_paper_goods_correspondence_greeting_cards
stationery_paper_goods_correspondence_greeting_cards_sympathy,Sympathy,stationery_paper_goods_correspondence_greeting_cards
stationery_paper_goods_correspondence_greeting_cards_thankyou,Thank-You,stationery_paper_goods_correspondence_greeting_cards
stationery_paper_goods_correspondence_greeting_cards_congratulations,Congratulations,stationery_paper_goods_correspondence_greeting_cards
stationery_paper_goods_correspondence_greeting_cards_wedding,Wedding,stationery_paper_goods_correspondence_greeting_cards
stationery_paper_goods_correspondence_greeting_cards_baby,Baby,stationery_paper_goods_correspondence_greeting_cards
stationery_paper_goods_correspondence_greeting_cards_graduation,Graduation,stationery_paper_goods_correspondence_greeting_cards
stationery_paper_goods_correspondence_greeting_cards_blank,Blank,stationery_paper_goods_correspondence_greeting_cards
stationery_paper_goods_correspondence_greeting_cards_humor,Humor,stationery_paper_goods_correspondence_greeting_cards
stationery_paper_goods_correspondence_greeting_cards_boxed_cards,Boxed Cards,stationery_paper_goods_correspondence_greeting_cards
stationery_paper_goods_correspondence_greeting_cards_holiday_cards,Holiday Cards,stationery_paper_goods_correspondence_greeting_cards
stationery_paper_goods_correspondence_postcards_note_cards,Postcards & Note Cards,stationery_paper_goods_correspondence
stationery_paper_goods_correspondence_postcards_note_cards_single_postcards,Single Postcards,stationery_paper_goods_correspondence_postcards_note_cards
stationery_paper_goods_correspondence_postcards_note_cards_postcard_packs,Postcard Packs,stationery_paper_goods_correspondence_postcards_note_cards
stationery_paper_goods_correspondence_postcards_note_cards_localtourist_postcards,Local/Tourist Postcards,stationery_paper_goods_correspondence_postcards_note_cards
stationery_paper_goods_correspondence_postcards_note_cards_art_cards,Art Cards,stationery_paper_goods_correspondence_postcards_note_cards
stationery_paper_goods_correspondence_postcards_note_cards_boxed_note_cards,Boxed Note Cards,stationery_paper_goods_correspondence_postcards_note_cards
stationery_paper_goods_correspondence_stationery_sets,Stationery Sets,stationery_paper_goods_correspondence
stationery_paper_goods_correspondence_stationery_sets_letter_paper,Letter Paper,stationery_paper_goods_correspondence_stationery_sets
stationery_paper_goods_correspondence_stationery_sets_envelopes,Envelopes,stationery_paper_goods_correspondence_stationery_sets
stationery_paper_goods_correspondence_stationery_sets_writing_sets,Writing Sets,stationery_paper_goods_correspondence_stationery_sets
stationery_paper_goods_correspondence_stationery_sets_seals,Seals,stationery_paper_goods_correspondence_stationery_sets
stationery_paper_goods_correspondence_stationery_sets_wax_seals,Wax Seals,stationery_paper_goods_correspondence_stationery_sets
stationery_paper_goods_correspondence_stationery_sets_invitation_sets,Invitation Sets,stationery_paper_goods_correspondence_stationery_sets
stationery_paper_goods_correspondence_gift_wrap_packaging,Gift Wrap & Packaging,stationery_paper_goods_correspondence
stationery_paper_goods_correspondence_gift_wrap_packaging_wrapping_paper,Wrapping Paper,stationery_paper_goods_correspondence_gift_wrap_packaging
stationery_paper_goods_correspondence_gift_wrap_packaging_gift_bags,Gift Bags,stationery_paper_goods_correspondence_gift_wrap_packaging
stationery_paper_goods_correspondence_gift_wrap_packaging_gift_boxes,Gift Boxes,stationery_paper_goods_correspondence_gift_wrap_packaging
stationery_paper_goods_correspondence_gift_wrap_packaging_tissue_paper,Tissue Paper,stationery_paper_goods_correspondence_gift_wrap_packaging
stationery_paper_goods_correspondence_gift_wrap_packaging_ribbons,Ribbons,stationery_paper_goods_correspondence_gift_wrap_packaging
stationery_paper_goods_correspondence_gift_wrap_packaging_bows,Bows,stationery_paper_goods_correspondence_gift_wrap_packaging
stationery_paper_goods_correspondence_gift_wrap_packaging_tags,Tags,stationery_paper_goods_correspondence_gift_wrap_packaging
stationery_paper_goods_correspondence_gift_wrap_packaging_enclosure_cards,Enclosure Cards,stationery_paper_goods_correspondence_gift_wrap_packaging
stationery_paper_goods_correspondence_stickers_decorative_paper,Stickers & Decorative Paper,stationery_paper_goods_correspondence
stationery_paper_goods_correspondence_stickers_decorative_paper_sticker_sheets,Sticker Sheets,stationery_paper_goods_correspondence_stickers_decorative_paper
stationery_paper_goods_correspondence_stickers_decorative_paper_sticker_books,Sticker Books,stationery_paper_goods_correspondence_stickers_decorative_paper
stationery_paper_goods_correspondence_stickers_decorative_paper_washi_tape,Washi Tape,stationery_paper_goods_correspondence_stickers_decorative_paper
stationery_paper_goods_correspondence_stickers_decorative_paper_decals,Decals,stationery_paper_goods_correspondence_stickers_decorative_paper
stationery_paper_goods_correspondence_stickers_decorative_paper_scrapbooking_paper,Scrapbooking Paper,stationery_paper_goods_correspondence_stickers_decorative_paper
stationery_paper_goods_correspondence_stickers_decorative_paper_die_cuts,Die Cuts,stationery_paper_goods_correspondence_stickers_decorative_paper
stationery_paper_goods_correspondence_awards_certificates,Awards & Certificates,stationery_paper_goods_correspondence
stationery_paper_goods_correspondence_awards_certificates_certificates,Certificates,stationery_paper_goods_correspondence_awards_certificates
stationery_paper_goods_correspondence_awards_certificates_award_cards,Award Cards,stationery_paper_goods_correspondence_awards_certificates
stationery_paper_goods_correspondence_awards_certificates_achievement_cards,Achievement Cards,stationery_paper_goods_correspondence_awards_certificates
writing_art_desk_supplies,"Writing, Art & Desk Supplies",
writing_art_desk_supplies_writing_instruments,Writing Instruments,writing_art_desk_supplies
writing_art_desk_supplies_writing_instruments_ballpoint_pens,Ballpoint Pens,writing_art_desk_supplies_writing_instruments
writing_art_desk_supplies_writing_instruments_gel_pens,Gel Pens,writing_art_desk_supplies_writing_instruments
writing_art_desk_supplies_writing_instruments_fountain_pens,Fountain Pens,writing_art_desk_supplies_writing_instruments
writing_art_desk_supplies_writing_instruments_mechanical_pencils,Mechanical Pencils,writing_art_desk_supplies_writing_instruments
writing_art_desk_supplies_writing_instruments_colored_pencils,Colored Pencils,writing_art_desk_supplies_writing_instruments
writing_art_desk_supplies_writing_instruments_markers,Markers,writing_art_desk_supplies_writing_instruments
writing_art_desk_supplies_writing_instruments_highlighters,Highlighters,writing_art_desk_supplies_writing_instruments
writing_art_desk_supplies_ink_calligraphy,Ink & Calligraphy,writing_art_desk_supplies
writing_art_desk_supplies_ink_calligraphy_ink_bottles,Ink Bottles,writing_art_desk_supplies_ink_calligraphy
writing_art_desk_supplies_ink_calligraphy_ink_cartridges,Ink Cartridges,writing_art_desk_supplies_ink_calligraphy
writing_art_desk_supplies_ink_calligraphy_nibs,Nibs,writing_art_desk_supplies_ink_calligraphy
writing_art_desk_supplies_ink_calligraphy_brush_pens,Brush Pens,writing_art_desk_supplies_ink_calligraphy
writing_art_desk_supplies_ink_calligraphy_calligraphy_sets,Calligraphy Sets,writing_art_desk_supplies_ink_calligraphy
writing_art_desk_supplies_drawing_art_supplies,Drawing & Art Supplies,writing_art_desk_supplies
writing_art_desk_supplies_drawing_art_supplies_sketch_pencils,Sketch Pencils,writing_art_desk_supplies_drawing_art_supplies
writing_art_desk_supplies_drawing_art_supplies_paints,Paints,writing_art_desk_supplies_drawing_art_supplies
writing_art_desk_supplies_drawing_art_supplies_brushes,Brushes,writing_art_desk_supplies_drawing_art_supplies
writing_art_desk_supplies_drawing_art_supplies_pastels,Pastels,writing_art_desk_supplies_drawing_art_supplies
writing_art_desk_supplies_drawing_art_supplies_crayons,Crayons,writing_art_desk_supplies_drawing_art_supplies
writing_art_desk_supplies_drawing_art_supplies_chalk,Chalk,writing_art_desk_supplies_drawing_art_supplies
writing_art_desk_supplies_drawing_art_supplies_canvas_panels,Canvas Panels,writing_art_desk_supplies_drawing_art_supplies
writing_art_desk_supplies_drawing_art_supplies_art_pads,Art Pads,writing_art_desk_supplies_drawing_art_supplies
writing_art_desk_supplies_office_desk_supplies,Office & Desk Supplies,writing_art_desk_supplies
writing_art_desk_supplies_office_desk_supplies_sticky_notes,Sticky Notes,writing_art_desk_supplies_office_desk_supplies
writing_art_desk_supplies_office_desk_supplies_page_flags,Page Flags,writing_art_desk_supplies_office_desk_supplies
writing_art_desk_supplies_office_desk_supplies_clips,Clips,writing_art_desk_supplies_office_desk_supplies
writing_art_desk_supplies_office_desk_supplies_fasteners,Fasteners,writing_art_desk_supplies_office_desk_supplies
writing_art_desk_supplies_office_desk_supplies_tape,Tape,writing_art_desk_supplies_office_desk_supplies
writing_art_desk_supplies_office_desk_supplies_scissors,Scissors,writing_art_desk_supplies_office_desk_supplies
writing_art_desk_supplies_office_desk_supplies_rulers,Rulers,writing_art_desk_supplies_office_desk_supplies
writing_art_desk_supplies_office_desk_supplies_desk_organizers,Desk Organizers,writing_art_desk_supplies_office_desk_supplies
writing_art_desk_supplies_study_supplies,Study Supplies,writing_art_desk_supplies
writing_art_desk_supplies_study_supplies_index_cards,Index Cards,writing_art_desk_supplies_study_supplies
writing_art_desk_supplies_study_supplies_flashcards,Flashcards,writing_art_desk_supplies_study_supplies
writing_art_desk_supplies_study_supplies_folders,Folders,writing_art_desk_supplies_study_supplies
writing_art_desk_supplies_study_supplies_binders,Binders,writing_art_desk_supplies_study_supplies
writing_art_desk_supplies_study_supplies_labels,Labels,writing_art_desk_supplies_study_supplies
writing_art_desk_supplies_study_supplies_subject_tabs,Subject Tabs,writing_art_desk_supplies_study_supplies
writing_art_desk_supplies_craft_supplies,Craft Supplies,writing_art_desk_supplies
writing_art_desk_supplies_craft_supplies_paper_craft_supplies,Paper Craft Supplies,writing_art_desk_supplies_craft_supplies
writing_art_desk_supplies_craft_supplies_stamps,Stamps,writing_art_desk_supplies_craft_supplies
writing_art_desk_supplies_craft_supplies_stencils,Stencils,writing_art_desk_supplies_craft_supplies
writing_art_desk_supplies_craft_supplies_adhesives,Adhesives,writing_art_desk_supplies_craft_supplies
writing_art_desk_supplies_craft_supplies_cutting_tools,Cutting Tools,writing_art_desk_supplies_craft_supplies
journals_notebooks_blank_books,"Journals, Notebooks & Blank Books",
journals_notebooks_blank_books_journals,Journals,journals_notebooks_blank_books
journals_notebooks_blank_books_journals_guided_journals,Guided Journals,journals_notebooks_blank_books_journals
journals_notebooks_blank_books_journals_reading_journals,Reading Journals,journals_notebooks_blank_books_journals
journals_notebooks_blank_books_journals_gratitude_journals,Gratitude Journals,journals_notebooks_blank_books_journals
journals_notebooks_blank_books_journals_wellness_journals,Wellness Journals,journals_notebooks_blank_books_journals
journals_notebooks_blank_books_journals_travel_journals,Travel Journals,journals_notebooks_blank_books_journals
journals_notebooks_blank_books_journals_dream_journals,Dream Journals,journals_notebooks_blank_books_journals
journals_notebooks_blank_books_journals_lockable_diaries,Lockable Diaries,journals_notebooks_blank_books_journals
journals_notebooks_blank_books_notebooks,Notebooks,journals_notebooks_blank_books
journals_notebooks_blank_books_notebooks_lined_notebooks,Lined Notebooks,journals_notebooks_blank_books_notebooks
journals_notebooks_blank_books_notebooks_blank_notebooks,Blank Notebooks,journals_notebooks_blank_books_notebooks
journals_notebooks_blank_books_notebooks_dot_grid_notebooks,Dot Grid Notebooks,journals_notebooks_blank_books_notebooks
journals_notebooks_blank_books_notebooks_graph_notebooks,Graph Notebooks,journals_notebooks_blank_books_notebooks
journals_notebooks_blank_books_notebooks_spiral_notebooks,Spiral Notebooks,journals_notebooks_blank_books_notebooks
journals_notebooks_blank_books_notebooks_composition_notebooks,Composition Notebooks,journals_notebooks_blank_books_notebooks
journals_notebooks_blank_books_notebooks_pocket_notebooks,Pocket Notebooks,journals_notebooks_blank_books_notebooks
journals_notebooks_blank_books_notebooks_reporter_notebooks,Reporter Notebooks,journals_notebooks_blank_books_notebooks
journals_notebooks_blank_books_notebooks_refillable_notebooks,Refillable Notebooks,journals_notebooks_blank_books_notebooks
journals_notebooks_blank_books_sketchbooks_art_books,Sketchbooks & Art Books,journals_notebooks_blank_books
journals_notebooks_blank_books_sketchbooks_art_books_sketchbooks,Sketchbooks,journals_notebooks_blank_books_sketchbooks_art_books
journals_notebooks_blank_books_sketchbooks_art_books_watercolor_books,Watercolor Books,journals_notebooks_blank_books_sketchbooks_art_books
journals_notebooks_blank_books_sketchbooks_art_books_mixedmedia_pads,Mixed-Media Pads,journals_notebooks_blank_books_sketchbooks_art_books
journals_notebooks_blank_books_sketchbooks_art_books_drawing_pads,Drawing Pads,journals_notebooks_blank_books_sketchbooks_art_books
journals_notebooks_blank_books_specialty_record_books,Specialty Record Books,journals_notebooks_blank_books
journals_notebooks_blank_books_specialty_record_books_baby_books,Baby Books,journals_notebooks_blank_books_specialty_record_books
journals_notebooks_blank_books_specialty_record_books_birthday_books,Birthday Books,journals_notebooks_blank_books_specialty_record_books
journals_notebooks_blank_books_specialty_record_books_guest_books,Guest Books,journals_notebooks_blank_books_specialty_record_books
journals_notebooks_blank_books_specialty_record_books_address_books,Address Books,journals_notebooks_blank_books_specialty_record_books
journals_notebooks_blank_books_specialty_record_books_password_books,Password Books,journals_notebooks_blank_books_specialty_record_books
journals_notebooks_blank_books_specialty_record_books_logbooks,Logbooks,journals_notebooks_blank_books_specialty_record_books
journals_notebooks_blank_books_premium_blank_books,Premium Blank Books,journals_notebooks_blank_books
journals_notebooks_blank_books_premium_blank_books_leatherbound_journals,Leather-Bound Journals,journals_notebooks_blank_books_premium_blank_books
journals_notebooks_blank_books_premium_blank_books_hardcover_journals,Hardcover Journals,journals_notebooks_blank_books_premium_blank_books
journals_notebooks_blank_books_premium_blank_books_layflat_notebooks,Lay-Flat Notebooks,journals_notebooks_blank_books_premium_blank_books
journals_notebooks_blank_books_premium_blank_books_archival_notebooks,Archival Notebooks,journals_notebooks_blank_books_premium_blank_books
calendars_planners_organization,"Calendars, Planners & Organization",
calendars_planners_organization_wall_calendars,Wall Calendars,calendars_planners_organization
calendars_planners_organization_wall_calendars_standard_wall_calendars,Standard Wall Calendars,calendars_planners_organization_wall_calendars
calendars_planners_organization_wall_calendars_square_calendars,Square Calendars,calendars_planners_organization_wall_calendars
calendars_planners_organization_wall_calendars_panoramic_calendars,Panoramic Calendars,calendars_planners_organization_wall_calendars
calendars_planners_organization_wall_calendars_columnar_calendars,Columnar Calendars,calendars_planners_organization_wall_calendars
calendars_planners_organization_wall_calendars_poster_calendars,Poster Calendars,calendars_planners_organization_wall_calendars
calendars_planners_organization_desk_calendars,Desk Calendars,calendars_planners_organization
calendars_planners_organization_desk_calendars_desk_calendars,Desk Calendars,calendars_planners_organization_desk_calendars
calendars_planners_organization_desk_calendars_boxed_daily_calendars,Boxed Daily Calendars,calendars_planners_organization_desk_calendars
calendars_planners_organization_desk_calendars_pageaday_calendars,Page-A-Day Calendars,calendars_planners_organization_desk_calendars
calendars_planners_organization_desk_calendars_tearoff_calendars,Tear-Off Calendars,calendars_planners_organization_desk_calendars
calendars_planners_organization_planners_agendas,Planners & Agendas,calendars_planners_organization
calendars_planners_organization_planners_agendas_daily_planners,Daily Planners,calendars_planners_organization_planners_agendas
calendars_planners_organization_planners_agendas_weekly_planners,Weekly Planners,calendars_planners_organization_planners_agendas
calendars_planners_organization_planners_agendas_monthly_planners,Monthly Planners,calendars_planners_organization_planners_agendas
calendars_planners_organization_planners_agendas_academic_planners,Academic Planners,calendars_planners_organization_planners_agendas
calendars_planners_organization_planners_agendas_undated_planners,Undated Planners,calendars_planners_organization_planners_agendas
calendars_planners_organization_planners_agendas_appointment_planners,Appointment Planners,calendars_planners_organization_planners_agendas
calendars_planners_organization_planners_agendas_project_planners,Project Planners,calendars_planners_organization_planners_agendas
calendars_planners_organization_family_household_planners,Family & Household Planners,calendars_planners_organization
calendars_planners_organization_family_household_planners_family_calendars,Family Calendars,calendars_planners_organization_family_household_planners
calendars_planners_organization_family_household_planners_meal_planners,Meal Planners,calendars_planners_organization_family_household_planners
calendars_planners_organization_family_household_planners_chore_planners,Chore Planners,calendars_planners_organization_family_household_planners
calendars_planners_organization_family_household_planners_household_organizers,Household Organizers,calendars_planners_organization_family_household_planners
calendars_planners_organization_pocket_mini_calendars,Pocket & Mini Calendars,calendars_planners_organization
calendars_planners_organization_pocket_mini_calendars_pocket_calendars,Pocket Calendars,calendars_planners_organization_pocket_mini_calendars
calendars_planners_organization_pocket_mini_calendars_mini_calendars,Mini Calendars,calendars_planners_organization_pocket_mini_calendars
calendars_planners_organization_pocket_mini_calendars_bookmark_calendars,Bookmark Calendars,calendars_planners_organization_pocket_mini_calendars
calendars_planners_organization_specialty_calendars,Specialty Calendars,calendars_planners_organization
calendars_planners_organization_specialty_calendars_advent_calendars,Advent Calendars,calendars_planners_organization_specialty_calendars
calendars_planners_organization_specialty_calendars_perpetual_calendars,Perpetual Calendars,calendars_planners_organization_specialty_calendars
calendars_planners_organization_specialty_calendars_almanac_calendars,Almanac Calendars,calendars_planners_organization_specialty_calendars
calendars_planners_organization_specialty_calendars_postcard_calendars,Postcard Calendars,calendars_planners_organization_specialty_calendars
calendars_planners_organization_planner_accessories,Planner Accessories,calendars_planners_organization
calendars_planners_organization_planner_accessories_refills,Refills,calendars_planners_organization_planner_accessories
calendars_planners_organization_planner_accessories_inserts,Inserts,calendars_planners_organization_planner_accessories
calendars_planners_organization_planner_accessories_tabs,Tabs,calendars_planners_organization_planner_accessories
calendars_planners_organization_planner_accessories_planner_stickers,Planner Stickers,calendars_planners_organization_planner_accessories
calendars_planners_organization_planner_accessories_pen_loops,Pen Loops,calendars_planners_organization_planner_accessories
calendars_planners_organization_planner_accessories_covers,Covers,calendars_planners_organization_planner_accessories
reading_aids_book_accessories,Reading Aids & Book Accessories,
reading_aids_book_accessories_bookmarks,Bookmarks,reading_aids_book_accessories
reading_aids_book_accessories_bookmarks_paper_bookmarks,Paper Bookmarks,reading_aids_book_accessories_bookmarks
reading_aids_book_accessories_bookmarks_ribbon_bookmarks,Ribbon Bookmarks,reading_aids_book_accessories_bookmarks
reading_aids_book_accessories_bookmarks_magnetic_bookmarks,Magnetic Bookmarks,reading_aids_book_accessories_bookmarks
reading_aids_book_accessories_bookmarks_metal_bookmarks,Metal Bookmarks,reading_aids_book_accessories_bookmarks
reading_aids_book_accessories_bookmarks_leather_bookmarks,Leather Bookmarks,reading_aids_book_accessories_bookmarks
reading_aids_book_accessories_bookmarks_novelty_bookmarks,Novelty Bookmarks,reading_aids_book_accessories_bookmarks
reading_aids_book_accessories_bookmarks_calendar_bookmarks,Calendar Bookmarks,reading_aids_book_accessories_bookmarks
reading_aids_book_accessories_reading_lights,Reading Lights,reading_aids_book_accessories
reading_aids_book_accessories_reading_lights_clipon_lights,Clip-On Lights,reading_aids_book_accessories_reading_lights
reading_aids_book_accessories_reading_lights_neck_lights,Neck Lights,reading_aids_book_accessories_reading_lights
reading_aids_book_accessories_reading_lights_rechargeable_lights,Rechargeable Lights,reading_aids_book_accessories_reading_lights
reading_aids_book_accessories_reading_lights_book_lamps,Book Lamps,reading_aids_book_accessories_reading_lights
reading_aids_book_accessories_page_handling,Page Handling,reading_aids_book_accessories
reading_aids_book_accessories_page_handling_book_weights,Book Weights,reading_aids_book_accessories_page_handling
reading_aids_book_accessories_page_handling_page_holders,Page Holders,reading_aids_book_accessories_page_handling
reading_aids_book_accessories_page_handling_thumb_rings,Thumb Rings,reading_aids_book_accessories_page_handling
reading_aids_book_accessories_page_handling_page_clips,Page Clips,reading_aids_book_accessories_page_handling
reading_aids_book_accessories_book_protection,Book Protection,reading_aids_book_accessories
reading_aids_book_accessories_book_protection_book_sleeves,Book Sleeves,reading_aids_book_accessories_book_protection
reading_aids_book_accessories_book_protection_book_covers,Book Covers,reading_aids_book_accessories_book_protection
reading_aids_book_accessories_book_protection_dust_jackets,Dust Jackets,reading_aids_book_accessories_book_protection
reading_aids_book_accessories_book_protection_protective_bags,Protective Bags,reading_aids_book_accessories_book_protection
reading_aids_book_accessories_book_display,Book Display,reading_aids_book_accessories
reading_aids_book_accessories_book_display_book_stands,Book Stands,reading_aids_book_accessories_book_display
reading_aids_book_accessories_book_display_cookbook_stands,Cookbook Stands,reading_aids_book_accessories_book_display
reading_aids_book_accessories_book_display_easels,Easels,reading_aids_book_accessories_book_display
reading_aids_book_accessories_book_display_floating_shelves,Floating Shelves,reading_aids_book_accessories_book_display
reading_aids_book_accessories_book_identification,Book Identification,reading_aids_book_accessories
reading_aids_book_accessories_book_identification_book_plates,Book Plates,reading_aids_book_accessories_book_identification
reading_aids_book_accessories_book_identification_ex_libris_labels,Ex Libris Labels,reading_aids_book_accessories_book_identification
reading_aids_book_accessories_book_identification_ownership_labels,Ownership Labels,reading_aids_book_accessories_book_identification
reading_aids_book_accessories_magnification,Magnification,reading_aids_book_accessories
reading_aids_book_accessories_magnification_handheld_magnifiers,Handheld Magnifiers,reading_aids_book_accessories_magnification
reading_aids_book_accessories_magnification_sheet_magnifiers,Sheet Magnifiers,reading_aids_book_accessories_magnification
reading_aids_book_accessories_magnification_bookmark_magnifiers,Bookmark Magnifiers,reading_aids_book_accessories_magnification
reading_aids_book_accessories_magnification_reading_glasses,Reading Glasses,reading_aids_book_accessories_magnification
reading_aids_book_accessories_reading_comfort,Reading Comfort,reading_aids_book_accessories
reading_aids_book_accessories_reading_comfort_lap_desks,Lap Desks,reading_aids_book_accessories_reading_comfort
reading_aids_book_accessories_reading_comfort_reading_pillows,Reading Pillows,reading_aids_book_accessories_reading_comfort
reading_aids_book_accessories_reading_comfort_blankets,Blankets,reading_aids_book_accessories_reading_comfort
reading_aids_book_accessories_reading_comfort_arm_rests,Arm Rests,reading_aids_book_accessories_reading_comfort
games_puzzles_tabletop,"Games, Puzzles & Tabletop",
games_puzzles_tabletop_board_games,Board Games,games_puzzles_tabletop
games_puzzles_tabletop_board_games_strategy_games,Strategy Games,games_puzzles_tabletop_board_games
games_puzzles_tabletop_board_games_family_games,Family Games,games_puzzles_tabletop_board_games
games_puzzles_tabletop_board_games_party_games,Party Games,games_puzzles_tabletop_board_games
games_puzzles_tabletop_board_games_cooperative_games,Cooperative Games,games_puzzles_tabletop_board_games
games_puzzles_tabletop_board_games_classic_games,Classic Games,games_puzzles_tabletop_board_games
games_puzzles_tabletop_board_games_educational_games,Educational Games,games_puzzles_tabletop_board_games
games_puzzles_tabletop_card_games,Card Games,games_puzzles_tabletop
games_puzzles_tabletop_card_games_standard_decks,Standard Decks,games_puzzles_tabletop_card_games
games_puzzles_tabletop_card_games_specialty_decks,Specialty Decks,games_puzzles_tabletop_card_games
games_puzzles_tabletop_card_games_party_card_games,Party Card Games,games_puzzles_tabletop_card_games
games_puzzles_tabletop_card_games_literary_card_games,Literary Card Games,games_puzzles_tabletop_card_games
games_puzzles_tabletop_word_trivia_quiz_games,"Word, Trivia & Quiz Games",games_puzzles_tabletop
games_puzzles_tabletop_word_trivia_quiz_games_word_games,Word Games,games_puzzles_tabletop_word_trivia_quiz_games
games_puzzles_tabletop_word_trivia_quiz_games_grammar_games,Grammar Games,games_puzzles_tabletop_word_trivia_quiz_games
games_puzzles_tabletop_word_trivia_quiz_games_trivia_games,Trivia Games,games_puzzles_tabletop_word_trivia_quiz_games
games_puzzles_tabletop_word_trivia_quiz_games_quiz_decks,Quiz Decks,games_puzzles_tabletop_word_trivia_quiz_games
games_puzzles_tabletop_roleplaying_games,Roleplaying Games,games_puzzles_tabletop
games_puzzles_tabletop_roleplaying_games_rpg_books,RPG Books,games_puzzles_tabletop_roleplaying_games
games_puzzles_tabletop_roleplaying_games_dice,Dice,games_puzzles_tabletop_roleplaying_games
games_puzzles_tabletop_roleplaying_games_dice_trays,Dice Trays,games_puzzles_tabletop_roleplaying_games
games_puzzles_tabletop_roleplaying_games_miniatures,Miniatures,games_puzzles_tabletop_roleplaying_games
games_puzzles_tabletop_roleplaying_games_maps,Maps,games_puzzles_tabletop_roleplaying_games
games_puzzles_tabletop_roleplaying_games_screens,Screens,games_puzzles_tabletop_roleplaying_games
games_puzzles_tabletop_roleplaying_games_character_sheets,Character Sheets,games_puzzles_tabletop_roleplaying_games
games_puzzles_tabletop_travel_pocket_games,Travel & Pocket Games,games_puzzles_tabletop
games_puzzles_tabletop_travel_pocket_games_magnetic_games,Magnetic Games,games_puzzles_tabletop_travel_pocket_games
games_puzzles_tabletop_travel_pocket_games_compact_games,Compact Games,games_puzzles_tabletop_travel_pocket_games
games_puzzles_tabletop_travel_pocket_games_travel_editions,Travel Editions,games_puzzles_tabletop_travel_pocket_games
games_puzzles_tabletop_jigsaw_puzzles,Jigsaw Puzzles,games_puzzles_tabletop
games_puzzles_tabletop_jigsaw_puzzles_adult_jigsaw_puzzles,Adult Jigsaw Puzzles,games_puzzles_tabletop_jigsaw_puzzles
games_puzzles_tabletop_jigsaw_puzzles_childrens_jigsaw_puzzles,Children's Jigsaw Puzzles,games_puzzles_tabletop_jigsaw_puzzles
games_puzzles_tabletop_jigsaw_puzzles_literary_jigsaw_puzzles,Literary Jigsaw Puzzles,games_puzzles_tabletop_jigsaw_puzzles
games_puzzles_tabletop_jigsaw_puzzles_art_jigsaw_puzzles,Art Jigsaw Puzzles,games_puzzles_tabletop_jigsaw_puzzles
games_puzzles_tabletop_jigsaw_puzzles_map_jigsaw_puzzles,Map Jigsaw Puzzles,games_puzzles_tabletop_jigsaw_puzzles
games_puzzles_tabletop_jigsaw_puzzles_3d_jigsaw_puzzles,3D Jigsaw Puzzles,games_puzzles_tabletop_jigsaw_puzzles
games_puzzles_tabletop_jigsaw_puzzles_wooden_jigsaw_puzzles,Wooden Jigsaw Puzzles,games_puzzles_tabletop_jigsaw_puzzles
games_puzzles_tabletop_jigsaw_puzzles_shaped_jigsaw_puzzles,Shaped Jigsaw Puzzles,games_puzzles_tabletop_jigsaw_puzzles
games_puzzles_tabletop_brainteasers_logic_puzzles,Brainteasers & Logic Puzzles,games_puzzles_tabletop
games_puzzles_tabletop_brainteasers_logic_puzzles_metal_puzzles,Metal Puzzles,games_puzzles_tabletop_brainteasers_logic_puzzles
games_puzzles_tabletop_brainteasers_logic_puzzles_wooden_puzzles,Wooden Puzzles,games_puzzles_tabletop_brainteasers_logic_puzzles
games_puzzles_tabletop_brainteasers_logic_puzzles_puzzle_boxes,Puzzle Boxes,games_puzzles_tabletop_brainteasers_logic_puzzles
games_puzzles_tabletop_brainteasers_logic_puzzles_logic_sets,Logic Sets,games_puzzles_tabletop_brainteasers_logic_puzzles
games_puzzles_tabletop_game_accessories,Game Accessories,games_puzzles_tabletop
games_puzzles_tabletop_game_accessories_dice,Dice,games_puzzles_tabletop_game_accessories
games_puzzles_tabletop_game_accessories_counters,Counters,games_puzzles_tabletop_game_accessories
games_puzzles_tabletop_game_accessories_score_pads,Score Pads,games_puzzles_tabletop_game_accessories
games_puzzles_tabletop_game_accessories_card_sleeves,Card Sleeves,games_puzzles_tabletop_game_accessories
games_puzzles_tabletop_game_accessories_deck_boxes,Deck Boxes,games_puzzles_tabletop_game_accessories
toys_plush_childrens_activity,"Toys, Plush & Children's Activity",
toys_plush_childrens_activity_plush,Plush,toys_plush_childrens_activity
toys_plush_childrens_activity_plush_animal_plush,Animal Plush,toys_plush_childrens_activity_plush
toys_plush_childrens_activity_plush_teddy_bears,Teddy Bears,toys_plush_childrens_activity_plush
toys_plush_childrens_activity_plush_character_plush,Character Plush,toys_plush_childrens_activity_plush
toys_plush_childrens_activity_plush_bookrelated_plush,Book-Related Plush,toys_plush_childrens_activity_plush
toys_plush_childrens_activity_plush_seasonal_plush,Seasonal Plush,toys_plush_childrens_activity_plush
toys_plush_childrens_activity_dolls_figures,Dolls & Figures,toys_plush_childrens_activity
toys_plush_childrens_activity_dolls_figures_dolls,Dolls,toys_plush_childrens_activity_dolls_figures
toys_plush_childrens_activity_dolls_figures_action_figures,Action Figures,toys_plush_childrens_activity_dolls_figures
toys_plush_childrens_activity_dolls_figures_figurines,Figurines,toys_plush_childrens_activity_dolls_figures
toys_plush_childrens_activity_dolls_figures_vinyl_figures,Vinyl Figures,toys_plush_childrens_activity_dolls_figures
toys_plush_childrens_activity_dolls_figures_blind_boxes,Blind Boxes,toys_plush_childrens_activity_dolls_figures
toys_plush_childrens_activity_educational_toys,Educational Toys,toys_plush_childrens_activity
toys_plush_childrens_activity_educational_toys_stem_kits,STEM Kits,toys_plush_childrens_activity_educational_toys
toys_plush_childrens_activity_educational_toys_science_kits,Science Kits,toys_plush_childrens_activity_educational_toys
toys_plush_childrens_activity_educational_toys_flashcards,Flashcards,toys_plush_childrens_activity_educational_toys
toys_plush_childrens_activity_educational_toys_learning_games,Learning Games,toys_plush_childrens_activity_educational_toys
toys_plush_childrens_activity_educational_toys_alphabet_toys,Alphabet Toys,toys_plush_childrens_activity_educational_toys
toys_plush_childrens_activity_building_construction,Building & Construction,toys_plush_childrens_activity
toys_plush_childrens_activity_building_construction_blocks,Blocks,toys_plush_childrens_activity_building_construction
toys_plush_childrens_activity_building_construction_bricks,Bricks,toys_plush_childrens_activity_building_construction
toys_plush_childrens_activity_building_construction_magnetic_tiles,Magnetic Tiles,toys_plush_childrens_activity_building_construction
toys_plush_childrens_activity_building_construction_model_kits,Model Kits,toys_plush_childrens_activity_building_construction
toys_plush_childrens_activity_activity_kits,Activity Kits,toys_plush_childrens_activity
toys_plush_childrens_activity_activity_kits_craft_kits,Craft Kits,toys_plush_childrens_activity_activity_kits
toys_plush_childrens_activity_activity_kits_jewelry_kits,Jewelry Kits,toys_plush_childrens_activity_activity_kits
toys_plush_childrens_activity_activity_kits_magic_kits,Magic Kits,toys_plush_childrens_activity_activity_kits
toys_plush_childrens_activity_activity_kits_sticker_activity_kits,Sticker Activity Kits,toys_plush_childrens_activity_activity_kits
toys_plush_childrens_activity_activity_kits_paintbynumber_kits,Paint-by-Number Kits,toys_plush_childrens_activity_activity_kits
toys_plush_childrens_activity_sensory_fidget,Sensory & Fidget,toys_plush_childrens_activity
toys_plush_childrens_activity_sensory_fidget_fidget_toys,Fidget Toys,toys_plush_childrens_activity_sensory_fidget
toys_plush_childrens_activity_sensory_fidget_sensory_toys,Sensory Toys,toys_plush_childrens_activity_sensory_fidget
toys_plush_childrens_activity_sensory_fidget_stress_balls,Stress Balls,toys_plush_childrens_activity_sensory_fidget
toys_plush_childrens_activity_sensory_fidget_tactile_toys,Tactile Toys,toys_plush_childrens_activity_sensory_fidget
toys_plush_childrens_activity_puppets_pretend_play,Puppets & Pretend Play,toys_plush_childrens_activity
toys_plush_childrens_activity_puppets_pretend_play_hand_puppets,Hand Puppets,toys_plush_childrens_activity_puppets_pretend_play
toys_plush_childrens_activity_puppets_pretend_play_finger_puppets,Finger Puppets,toys_plush_childrens_activity_puppets_pretend_play
toys_plush_childrens_activity_puppets_pretend_play_dressup,Dress-Up,toys_plush_childrens_activity_puppets_pretend_play
toys_plush_childrens_activity_puppets_pretend_play_play_food,Play Food,toys_plush_childrens_activity_puppets_pretend_play
toys_plush_childrens_activity_puppets_pretend_play_roleplay_sets,Role-Play Sets,toys_plush_childrens_activity_puppets_pretend_play
toys_plush_childrens_activity_baby_toddler_gifts,Baby & Toddler Gifts,toys_plush_childrens_activity
toys_plush_childrens_activity_baby_toddler_gifts_soft_books,Soft Books,toys_plush_childrens_activity_baby_toddler_gifts
toys_plush_childrens_activity_baby_toddler_gifts_rattles,Rattles,toys_plush_childrens_activity_baby_toddler_gifts
toys_plush_childrens_activity_baby_toddler_gifts_teethers,Teethers,toys_plush_childrens_activity_baby_toddler_gifts
toys_plush_childrens_activity_baby_toddler_gifts_milestone_cards,Milestone Cards,toys_plush_childrens_activity_baby_toddler_gifts
toys_plush_childrens_activity_baby_toddler_gifts_nursery_gifts,Nursery Gifts,toys_plush_childrens_activity_baby_toddler_gifts
media_music_video_accessories,"Media, Music & Video Accessories",
media_music_video_accessories_physical_media_care,Physical Media Care,media_music_video_accessories
media_music_video_accessories_physical_media_care_disc_cleaning_kits,Disc Cleaning Kits,media_music_video_accessories_physical_media_care
media_music_video_accessories_physical_media_care_record_brushes,Record Brushes,media_music_video_accessories_physical_media_care
media_music_video_accessories_physical_media_care_lens_cleaners,Lens Cleaners,media_music_video_accessories_physical_media_care
media_music_video_accessories_physical_media_care_microfiber_cloths,Microfiber Cloths,media_music_video_accessories_physical_media_care
media_music_video_accessories_media_storage,Media Storage,media_music_video_accessories
media_music_video_accessories_media_storage_cd_cases,CD Cases,media_music_video_accessories_media_storage
media_music_video_accessories_media_storage_dvd_cases,DVD Cases,media_music_video_accessories_media_storage
media_music_video_accessories_media_storage_bluray_cases,Blu-ray Cases,media_music_video_accessories_media_storage
media_music_video_accessories_media_storage_record_crates,Record Crates,media_music_video_accessories_media_storage
media_music_video_accessories_media_storage_cassette_cases,Cassette Cases,media_music_video_accessories_media_storage
media_music_video_accessories_media_storage_sleeves,Sleeves,media_music_video_accessories_media_storage
media_music_video_accessories_vinyl_accessories,Vinyl Accessories,media_music_video_accessories
media_music_video_accessories_vinyl_accessories_inner_sleeves,Inner Sleeves,media_music_video_accessories_vinyl_accessories
media_music_video_accessories_vinyl_accessories_outer_sleeves,Outer Sleeves,media_music_video_accessories_vinyl_accessories
media_music_video_accessories_vinyl_accessories_turntable_mats,Turntable Mats,media_music_video_accessories_vinyl_accessories
media_music_video_accessories_vinyl_accessories_record_weights,Record Weights,media_music_video_accessories_vinyl_accessories
media_music_video_accessories_vinyl_accessories_stylus_brushes,Stylus Brushes,media_music_video_accessories_vinyl_accessories
media_music_video_accessories_cassette_tape_accessories,Cassette & Tape Accessories,media_music_video_accessories
media_music_video_accessories_cassette_tape_accessories_cassette_cases,Cassette Cases,media_music_video_accessories_cassette_tape_accessories
media_music_video_accessories_cassette_tape_accessories_head_cleaners,Head Cleaners,media_music_video_accessories_cassette_tape_accessories
media_music_video_accessories_cassette_tape_accessories_blank_tapes,Blank Tapes,media_music_video_accessories_cassette_tape_accessories
media_music_video_accessories_cassette_tape_accessories_labels,Labels,media_music_video_accessories_cassette_tape_accessories
media_music_video_accessories_movie_tv_merchandise,Movie & TV Merchandise,media_music_video_accessories
media_music_video_accessories_movie_tv_merchandise_posters,Posters,media_music_video_accessories_movie_tv_merchandise
media_music_video_accessories_movie_tv_merchandise_lobbycardstyle_prints,Lobby-Card-Style Prints,media_music_video_accessories_movie_tv_merchandise
media_music_video_accessories_movie_tv_merchandise_fan_collectibles,Fan Collectibles,media_music_video_accessories_movie_tv_merchandise
media_music_video_accessories_movie_tv_merchandise_soundtrack_tieins,Soundtrack Tie-Ins,media_music_video_accessories_movie_tv_merchandise
media_music_video_accessories_audio_accessories,Audio Accessories,media_music_video_accessories
media_music_video_accessories_audio_accessories_earbuds,Earbuds,media_music_video_accessories_audio_accessories
media_music_video_accessories_audio_accessories_headphones,Headphones,media_music_video_accessories_audio_accessories
media_music_video_accessories_audio_accessories_small_speakers,Small Speakers,media_music_video_accessories_audio_accessories
media_music_video_accessories_audio_accessories_adapters,Adapters,media_music_video_accessories_audio_accessories
media_music_video_accessories_audio_accessories_aux_cables,Aux Cables,media_music_video_accessories_audio_accessories
media_music_video_accessories_musician_accessories,Musician Accessories,media_music_video_accessories
media_music_video_accessories_musician_accessories_guitar_picks,Guitar Picks,media_music_video_accessories_musician_accessories
media_music_video_accessories_musician_accessories_straps,Straps,media_music_video_accessories_musician_accessories
media_music_video_accessories_musician_accessories_sheet_music_folders,Sheet Music Folders,media_music_video_accessories_musician_accessories
media_music_video_accessories_musician_accessories_manuscript_paper,Manuscript Paper,media_music_video_accessories_musician_accessories
media_music_video_accessories_blank_recordable_media,Blank / Recordable Media,media_music_video_accessories
media_music_video_accessories_blank_recordable_media_cdr,CD-R,media_music_video_accessories_blank_recordable_media
media_music_video_accessories_blank_recordable_media_dvdr,DVD-R,media_music_video_accessories_blank_recordable_media
media_music_video_accessories_blank_recordable_media_blank_cassettes,Blank Cassettes,media_music_video_accessories_blank_recordable_media
media_music_video_accessories_blank_recordable_media_memory_cards,Memory Cards,media_music_video_accessories_blank_recordable_media
media_music_video_accessories_blank_recordable_media_usb_drives,USB Drives,media_music_video_accessories_blank_recordable_media
video_game_accessories,Video Game Accessories,
video_game_accessories_controllers_input,Controllers & Input,video_game_accessories
video_game_accessories_controllers_input_controllers,Controllers,video_game_accessories_controllers_input
video_game_accessories_controllers_input_joysticks,Joysticks,video_game_accessories_controllers_input
video_game_accessories_controllers_input_fight_sticks,Fight Sticks,video_game_accessories_controllers_input
video_game_accessories_controllers_input_steering_wheels,Steering Wheels,video_game_accessories_controllers_input
video_game_accessories_controllers_input_keyboards,Keyboards,video_game_accessories_controllers_input
video_game_accessories_controllers_input_mice,Mice,video_game_accessories_controllers_input
video_game_accessories_power_charging,Power & Charging,video_game_accessories
video_game_accessories_power_charging_chargers,Chargers,video_game_accessories_power_charging
video_game_accessories_power_charging_docks,Docks,video_game_accessories_power_charging
video_game_accessories_power_charging_battery_packs,Battery Packs,video_game_accessories_power_charging
video_game_accessories_power_charging_power_adapters,Power Adapters,video_game_accessories_power_charging
video_game_accessories_power_charging_cables,Cables,video_game_accessories_power_charging
video_game_accessories_console_protection,Console Protection,video_game_accessories
video_game_accessories_console_protection_carrying_cases,Carrying Cases,video_game_accessories_console_protection
video_game_accessories_console_protection_screen_protectors,Screen Protectors,video_game_accessories_console_protection
video_game_accessories_console_protection_skins,Skins,video_game_accessories_console_protection
video_game_accessories_console_protection_dust_covers,Dust Covers,video_game_accessories_console_protection
video_game_accessories_storage_memory,Storage & Memory,video_game_accessories
video_game_accessories_storage_memory_memory_cards,Memory Cards,video_game_accessories_storage_memory
video_game_accessories_storage_memory_expansion_cards,Expansion Cards,video_game_accessories_storage_memory
video_game_accessories_storage_memory_hard_drives,Hard Drives,video_game_accessories_storage_memory
video_game_accessories_storage_memory_sd_cards,SD Cards,video_game_accessories_storage_memory
video_game_accessories_storage_memory_usb_storage,USB Storage,video_game_accessories_storage_memory
video_game_accessories_headsets_audio,Headsets & Audio,video_game_accessories
video_game_accessories_headsets_audio_gaming_headsets,Gaming Headsets,video_game_accessories_headsets_audio
video_game_accessories_headsets_audio_microphones,Microphones,video_game_accessories_headsets_audio
video_game_accessories_headsets_audio_chat_adapters,Chat Adapters,video_game_accessories_headsets_audio
video_game_accessories_retro_gaming_accessories,Retro Gaming Accessories,video_game_accessories
video_game_accessories_retro_gaming_accessories_av_cables,AV Cables,video_game_accessories_retro_gaming_accessories
video_game_accessories_retro_gaming_accessories_hdmi_adapters,HDMI Adapters,video_game_accessories_retro_gaming_accessories
video_game_accessories_retro_gaming_accessories_cartridge_cleaners,Cartridge Cleaners,video_game_accessories_retro_gaming_accessories
video_game_accessories_retro_gaming_accessories_controller_adapters,Controller Adapters,video_game_accessories_retro_gaming_accessories
video_game_accessories_digital_cards,Digital Cards,video_game_accessories
video_game_accessories_digital_cards_platform_gift_cards,Platform Gift Cards,video_game_accessories_digital_cards
video_game_accessories_digital_cards_subscription_cards,Subscription Cards,video_game_accessories_digital_cards
video_game_accessories_digital_cards_download_codes,Download Codes,video_game_accessories_digital_cards
video_game_accessories_digital_cards_ingame_currency_cards,In-Game Currency Cards,video_game_accessories_digital_cards
video_game_accessories_repair_cleaning,Repair & Cleaning,video_game_accessories
video_game_accessories_repair_cleaning_toolkits,Toolkits,video_game_accessories_repair_cleaning
video_game_accessories_repair_cleaning_cleaning_kits,Cleaning Kits,video_game_accessories_repair_cleaning
video_game_accessories_repair_cleaning_replacement_cases,Replacement Cases,video_game_accessories_repair_cleaning
video_game_accessories_repair_cleaning_replacement_buttons,Replacement Buttons,video_game_accessories_repair_cleaning
video_game_accessories_gaming_furniture_setup,Gaming Furniture & Setup,video_game_accessories
video_game_accessories_gaming_furniture_setup_stands,Stands,video_game_accessories_gaming_furniture_setup
video_game_accessories_gaming_furniture_setup_mounts,Mounts,video_game_accessories_gaming_furniture_setup
video_game_accessories_gaming_furniture_setup_controller_racks,Controller Racks,video_game_accessories_gaming_furniture_setup
video_game_accessories_gaming_furniture_setup_cable_organizers,Cable Organizers,video_game_accessories_gaming_furniture_setup
collectibles_fan_licensed_merchandise,"Collectibles, Fan & Licensed Merchandise",
collectibles_fan_licensed_merchandise_literary_collectibles,Literary Collectibles,collectibles_fan_licensed_merchandise
collectibles_fan_licensed_merchandise_literary_collectibles_authorthemed_gifts,Author-Themed Gifts,collectibles_fan_licensed_merchandise_literary_collectibles
collectibles_fan_licensed_merchandise_literary_collectibles_quote_merchandise,Quote Merchandise,collectibles_fan_licensed_merchandise_literary_collectibles
collectibles_fan_licensed_merchandise_literary_collectibles_bannedbooks_merchandise,Banned-Books Merchandise,collectibles_fan_licensed_merchandise_literary_collectibles
collectibles_fan_licensed_merchandise_literary_collectibles_classics_merchandise,Classics Merchandise,collectibles_fan_licensed_merchandise_literary_collectibles
collectibles_fan_licensed_merchandise_character_merchandise,Character Merchandise,collectibles_fan_licensed_merchandise
collectibles_fan_licensed_merchandise_character_merchandise_childrens_characters,Children's Characters,collectibles_fan_licensed_merchandise_character_merchandise
collectibles_fan_licensed_merchandise_character_merchandise_mangaanime_characters,Manga/Anime Characters,collectibles_fan_licensed_merchandise_character_merchandise
collectibles_fan_licensed_merchandise_character_merchandise_bookseries_characters,Book-Series Characters,collectibles_fan_licensed_merchandise_character_merchandise
collectibles_fan_licensed_merchandise_film_tv_collectibles,Film & TV Collectibles,collectibles_fan_licensed_merchandise
collectibles_fan_licensed_merchandise_film_tv_collectibles_figures,Figures,collectibles_fan_licensed_merchandise_film_tv_collectibles
collectibles_fan_licensed_merchandise_film_tv_collectibles_replicas,Replicas,collectibles_fan_licensed_merchandise_film_tv_collectibles
collectibles_fan_licensed_merchandise_film_tv_collectibles_posters,Posters,collectibles_fan_licensed_merchandise_film_tv_collectibles
collectibles_fan_licensed_merchandise_film_tv_collectibles_keychains,Keychains,collectibles_fan_licensed_merchandise_film_tv_collectibles
collectibles_fan_licensed_merchandise_film_tv_collectibles_pins,Pins,collectibles_fan_licensed_merchandise_film_tv_collectibles
collectibles_fan_licensed_merchandise_music_merchandise,Music Merchandise,collectibles_fan_licensed_merchandise
collectibles_fan_licensed_merchandise_music_merchandise_artist_merchandise,Artist Merchandise,collectibles_fan_licensed_merchandise_music_merchandise
collectibles_fan_licensed_merchandise_music_merchandise_band_patches,Band Patches,collectibles_fan_licensed_merchandise_music_merchandise
collectibles_fan_licensed_merchandise_music_merchandise_lyric_merchandise,Lyric Merchandise,collectibles_fan_licensed_merchandise_music_merchandise
collectibles_fan_licensed_merchandise_music_merchandise_albumcover_gifts,Album-Cover Gifts,collectibles_fan_licensed_merchandise_music_merchandise
collectibles_fan_licensed_merchandise_gaming_merchandise,Gaming Merchandise,collectibles_fan_licensed_merchandise
collectibles_fan_licensed_merchandise_gaming_merchandise_franchise_figures,Franchise Figures,collectibles_fan_licensed_merchandise_gaming_merchandise
collectibles_fan_licensed_merchandise_gaming_merchandise_plush,Plush,collectibles_fan_licensed_merchandise_gaming_merchandise
collectibles_fan_licensed_merchandise_gaming_merchandise_pins,Pins,collectibles_fan_licensed_merchandise_gaming_merchandise
collectibles_fan_licensed_merchandise_gaming_merchandise_art_books,Art Books,collectibles_fan_licensed_merchandise_gaming_merchandise
collectibles_fan_licensed_merchandise_gaming_merchandise_maps,Maps,collectibles_fan_licensed_merchandise_gaming_merchandise
collectibles_fan_licensed_merchandise_gaming_merchandise_statues,Statues,collectibles_fan_licensed_merchandise_gaming_merchandise
collectibles_fan_licensed_merchandise_trading_cards,Trading Cards,collectibles_fan_licensed_merchandise
collectibles_fan_licensed_merchandise_trading_cards_ccg_packs,CCG Packs,collectibles_fan_licensed_merchandise_trading_cards
collectibles_fan_licensed_merchandise_trading_cards_sports_cards,Sports Cards,collectibles_fan_licensed_merchandise_trading_cards
collectibles_fan_licensed_merchandise_trading_cards_entertainment_cards,Entertainment Cards,collectibles_fan_licensed_merchandise_trading_cards
collectibles_fan_licensed_merchandise_trading_cards_trading_card_supplies,Trading Card Supplies,collectibles_fan_licensed_merchandise_trading_cards
collectibles_fan_licensed_merchandise_blind_boxes_capsules,Blind Boxes & Capsules,collectibles_fan_licensed_merchandise
collectibles_fan_licensed_merchandise_blind_boxes_capsules_mystery_figures,Mystery Figures,collectibles_fan_licensed_merchandise_blind_boxes_capsules
collectibles_fan_licensed_merchandise_blind_boxes_capsules_capsule_toys,Capsule Toys,collectibles_fan_licensed_merchandise_blind_boxes_capsules
collectibles_fan_licensed_merchandise_blind_boxes_capsules_blindbag_collectibles,Blind-Bag Collectibles,collectibles_fan_licensed_merchandise_blind_boxes_capsules
collectibles_fan_licensed_merchandise_display_storage,Display & Storage,collectibles_fan_licensed_merchandise
collectibles_fan_licensed_merchandise_display_storage_figure_stands,Figure Stands,collectibles_fan_licensed_merchandise_display_storage
collectibles_fan_licensed_merchandise_display_storage_card_binders,Card Binders,collectibles_fan_licensed_merchandise_display_storage
collectibles_fan_licensed_merchandise_display_storage_card_sleeves,Card Sleeves,collectibles_fan_licensed_merchandise_display_storage
collectibles_fan_licensed_merchandise_display_storage_display_boxes,Display Boxes,collectibles_fan_licensed_merchandise_display_storage
apparel_wearables_personal_accessories,"Apparel, Wearables & Personal Accessories",
apparel_wearables_personal_accessories_clothing,Clothing,apparel_wearables_personal_accessories
apparel_wearables_personal_accessories_clothing_tshirts,T-Shirts,apparel_wearables_personal_accessories_clothing
apparel_wearables_personal_accessories_clothing_sweatshirts,Sweatshirts,apparel_wearables_personal_accessories_clothing
apparel_wearables_personal_accessories_clothing_hoodies,Hoodies,apparel_wearables_personal_accessories_clothing
apparel_wearables_personal_accessories_clothing_pajamas,Pajamas,apparel_wearables_personal_accessories_clothing
apparel_wearables_personal_accessories_clothing_loungewear,Loungewear,apparel_wearables_personal_accessories_clothing
apparel_wearables_personal_accessories_clothing_aprons,Aprons,apparel_wearables_personal_accessories_clothing
apparel_wearables_personal_accessories_socks_footwear,Socks & Footwear,apparel_wearables_personal_accessories
apparel_wearables_personal_accessories_socks_footwear_literary_socks,Literary Socks,apparel_wearables_personal_accessories_socks_footwear
apparel_wearables_personal_accessories_socks_footwear_novelty_socks,Novelty Socks,apparel_wearables_personal_accessories_socks_footwear
apparel_wearables_personal_accessories_socks_footwear_slippers,Slippers,apparel_wearables_personal_accessories_socks_footwear
apparel_wearables_personal_accessories_headwear_cold_weather,Headwear & Cold Weather,apparel_wearables_personal_accessories
apparel_wearables_personal_accessories_headwear_cold_weather_hats,Hats,apparel_wearables_personal_accessories_headwear_cold_weather
apparel_wearables_personal_accessories_headwear_cold_weather_beanies,Beanies,apparel_wearables_personal_accessories_headwear_cold_weather
apparel_wearables_personal_accessories_headwear_cold_weather_scarves,Scarves,apparel_wearables_personal_accessories_headwear_cold_weather
apparel_wearables_personal_accessories_headwear_cold_weather_gloves,Gloves,apparel_wearables_personal_accessories_headwear_cold_weather
apparel_wearables_personal_accessories_jewelry,Jewelry,apparel_wearables_personal_accessories
apparel_wearables_personal_accessories_jewelry_necklaces,Necklaces,apparel_wearables_personal_accessories_jewelry
apparel_wearables_personal_accessories_jewelry_bracelets,Bracelets,apparel_wearables_personal_accessories_jewelry
apparel_wearables_personal_accessories_jewelry_earrings,Earrings,apparel_wearables_personal_accessories_jewelry
apparel_wearables_personal_accessories_jewelry_rings,Rings,apparel_wearables_personal_accessories_jewelry
apparel_wearables_personal_accessories_jewelry_charms,Charms,apparel_wearables_personal_accessories_jewelry
apparel_wearables_personal_accessories_pins_buttons_patches,"Pins, Buttons & Patches",apparel_wearables_personal_accessories
apparel_wearables_personal_accessories_pins_buttons_patches_enamel_pins,Enamel Pins,apparel_wearables_personal_accessories_pins_buttons_patches
apparel_wearables_personal_accessories_pins_buttons_patches_pinback_buttons,Pinback Buttons,apparel_wearables_personal_accessories_pins_buttons_patches
apparel_wearables_personal_accessories_pins_buttons_patches_embroidered_patches,Embroidered Patches,apparel_wearables_personal_accessories_pins_buttons_patches
apparel_wearables_personal_accessories_keychains_lanyards,Keychains & Lanyards,apparel_wearables_personal_accessories
apparel_wearables_personal_accessories_keychains_lanyards_keyrings,Keyrings,apparel_wearables_personal_accessories_keychains_lanyards
apparel_wearables_personal_accessories_keychains_lanyards_wristlets,Wristlets,apparel_wearables_personal_accessories_keychains_lanyards
apparel_wearables_personal_accessories_keychains_lanyards_lanyards,Lanyards,apparel_wearables_personal_accessories_keychains_lanyards
apparel_wearables_personal_accessories_keychains_lanyards_badge_holders,Badge Holders,apparel_wearables_personal_accessories_keychains_lanyards
apparel_wearables_personal_accessories_hair_personal_accessories,Hair & Personal Accessories,apparel_wearables_personal_accessories
apparel_wearables_personal_accessories_hair_personal_accessories_hair_clips,Hair Clips,apparel_wearables_personal_accessories_hair_personal_accessories
apparel_wearables_personal_accessories_hair_personal_accessories_scrunchies,Scrunchies,apparel_wearables_personal_accessories_hair_personal_accessories
apparel_wearables_personal_accessories_hair_personal_accessories_compact_mirrors,Compact Mirrors,apparel_wearables_personal_accessories_hair_personal_accessories
apparel_wearables_personal_accessories_costumes_cosplay,Costumes & Cosplay,apparel_wearables_personal_accessories
apparel_wearables_personal_accessories_costumes_cosplay_capes,Capes,apparel_wearables_personal_accessories_costumes_cosplay
apparel_wearables_personal_accessories_costumes_cosplay_masks,Masks,apparel_wearables_personal_accessories_costumes_cosplay
apparel_wearables_personal_accessories_costumes_cosplay_costume_accessories,Costume Accessories,apparel_wearables_personal_accessories_costumes_cosplay
apparel_wearables_personal_accessories_costumes_cosplay_dressup_pieces,Dress-Up Pieces,apparel_wearables_personal_accessories_costumes_cosplay
bags_cases_carrying_goods,"Bags, Cases & Carrying Goods",
bags_cases_carrying_goods_tote_bags,Tote Bags,bags_cases_carrying_goods
bags_cases_carrying_goods_tote_bags_canvas_totes,Canvas Totes,bags_cases_carrying_goods_tote_bags
bags_cases_carrying_goods_tote_bags_literary_totes,Literary Totes,bags_cases_carrying_goods_tote_bags
bags_cases_carrying_goods_tote_bags_foldable_totes,Foldable Totes,bags_cases_carrying_goods_tote_bags
bags_cases_carrying_goods_backpacks_messenger_bags,Backpacks & Messenger Bags,bags_cases_carrying_goods
bags_cases_carrying_goods_backpacks_messenger_bags_backpacks,Backpacks,bags_cases_carrying_goods_backpacks_messenger_bags
bags_cases_carrying_goods_backpacks_messenger_bags_book_bags,Book Bags,bags_cases_carrying_goods_backpacks_messenger_bags
bags_cases_carrying_goods_backpacks_messenger_bags_messenger_bags,Messenger Bags,bags_cases_carrying_goods_backpacks_messenger_bags
bags_cases_carrying_goods_backpacks_messenger_bags_satchels,Satchels,bags_cases_carrying_goods_backpacks_messenger_bags
bags_cases_carrying_goods_pouches_pencil_cases,Pouches & Pencil Cases,bags_cases_carrying_goods
bags_cases_carrying_goods_pouches_pencil_cases_pencil_cases,Pencil Cases,bags_cases_carrying_goods_pouches_pencil_cases
bags_cases_carrying_goods_pouches_pencil_cases_cosmetic_pouches,Cosmetic Pouches,bags_cases_carrying_goods_pouches_pencil_cases
bags_cases_carrying_goods_pouches_pencil_cases_zipper_pouches,Zipper Pouches,bags_cases_carrying_goods_pouches_pencil_cases
bags_cases_carrying_goods_wallets_small_carry,Wallets & Small Carry,bags_cases_carrying_goods
bags_cases_carrying_goods_wallets_small_carry_wallets,Wallets,bags_cases_carrying_goods_wallets_small_carry
bags_cases_carrying_goods_wallets_small_carry_coin_purses,Coin Purses,bags_cases_carrying_goods_wallets_small_carry
bags_cases_carrying_goods_wallets_small_carry_card_holders,Card Holders,bags_cases_carrying_goods_wallets_small_carry
bags_cases_carrying_goods_device_media_cases,Device & Media Cases,bags_cases_carrying_goods
bags_cases_carrying_goods_device_media_cases_ereader_sleeves,E-Reader Sleeves,bags_cases_carrying_goods_device_media_cases
bags_cases_carrying_goods_device_media_cases_laptop_sleeves,Laptop Sleeves,bags_cases_carrying_goods_device_media_cases
bags_cases_carrying_goods_device_media_cases_tablet_cases,Tablet Cases,bags_cases_carrying_goods_device_media_cases
bags_cases_carrying_goods_device_media_cases_media_cases,Media Cases,bags_cases_carrying_goods_device_media_cases
bags_cases_carrying_goods_lunch_travel_bags,Lunch & Travel Bags,bags_cases_carrying_goods
bags_cases_carrying_goods_lunch_travel_bags_lunch_bags,Lunch Bags,bags_cases_carrying_goods_lunch_travel_bags
bags_cases_carrying_goods_lunch_travel_bags_insulated_bags,Insulated Bags,bags_cases_carrying_goods_lunch_travel_bags
bags_cases_carrying_goods_lunch_travel_bags_travel_organizers,Travel Organizers,bags_cases_carrying_goods_lunch_travel_bags
bags_cases_carrying_goods_luggage_accessories,Luggage Accessories,bags_cases_carrying_goods
bags_cases_carrying_goods_luggage_accessories_luggage_tags,Luggage Tags,bags_cases_carrying_goods_luggage_accessories
bags_cases_carrying_goods_luggage_accessories_passport_holders,Passport Holders,bags_cases_carrying_goods_luggage_accessories
bags_cases_carrying_goods_luggage_accessories_travel_wallets,Travel Wallets,bags_cases_carrying_goods_luggage_accessories
home_decor_lifestyle_gifts,"Home, Decor & Lifestyle Gifts",
home_decor_lifestyle_gifts_drinkware,Drinkware,home_decor_lifestyle_gifts
home_decor_lifestyle_gifts_drinkware_mugs,Mugs,home_decor_lifestyle_gifts_drinkware
home_decor_lifestyle_gifts_drinkware_teacups,Teacups,home_decor_lifestyle_gifts_drinkware
home_decor_lifestyle_gifts_drinkware_tumblers,Tumblers,home_decor_lifestyle_gifts_drinkware
home_decor_lifestyle_gifts_drinkware_water_bottles,Water Bottles,home_decor_lifestyle_gifts_drinkware
home_decor_lifestyle_gifts_drinkware_travel_mugs,Travel Mugs,home_decor_lifestyle_gifts_drinkware
home_decor_lifestyle_gifts_tableware,Tableware,home_decor_lifestyle_gifts
home_decor_lifestyle_gifts_tableware_plates,Plates,home_decor_lifestyle_gifts_tableware
home_decor_lifestyle_gifts_tableware_bowls,Bowls,home_decor_lifestyle_gifts_tableware
home_decor_lifestyle_gifts_tableware_trays,Trays,home_decor_lifestyle_gifts_tableware
home_decor_lifestyle_gifts_tableware_coasters,Coasters,home_decor_lifestyle_gifts_tableware
home_decor_lifestyle_gifts_tableware_serving_pieces,Serving Pieces,home_decor_lifestyle_gifts_tableware
home_decor_lifestyle_gifts_kitchen_cooking_gifts,Kitchen & Cooking Gifts,home_decor_lifestyle_gifts
home_decor_lifestyle_gifts_kitchen_cooking_gifts_tea_infusers,Tea Infusers,home_decor_lifestyle_gifts_kitchen_cooking_gifts
home_decor_lifestyle_gifts_kitchen_cooking_gifts_recipe_boxes,Recipe Boxes,home_decor_lifestyle_gifts_kitchen_cooking_gifts
home_decor_lifestyle_gifts_kitchen_cooking_gifts_towels,Towels,home_decor_lifestyle_gifts_kitchen_cooking_gifts
home_decor_lifestyle_gifts_kitchen_cooking_gifts_aprons,Aprons,home_decor_lifestyle_gifts_kitchen_cooking_gifts
home_decor_lifestyle_gifts_kitchen_cooking_gifts_utensils,Utensils,home_decor_lifestyle_gifts_kitchen_cooking_gifts
home_decor_lifestyle_gifts_home_decor,Home Decor,home_decor_lifestyle_gifts
home_decor_lifestyle_gifts_home_decor_posters,Posters,home_decor_lifestyle_gifts_home_decor
home_decor_lifestyle_gifts_home_decor_wall_art,Wall Art,home_decor_lifestyle_gifts_home_decor
home_decor_lifestyle_gifts_home_decor_prints,Prints,home_decor_lifestyle_gifts_home_decor
home_decor_lifestyle_gifts_home_decor_magnets,Magnets,home_decor_lifestyle_gifts_home_decor
home_decor_lifestyle_gifts_home_decor_ornaments,Ornaments,home_decor_lifestyle_gifts_home_decor
home_decor_lifestyle_gifts_home_decor_bookends,Bookends,home_decor_lifestyle_gifts_home_decor
home_decor_lifestyle_gifts_candles_scent,Candles & Scent,home_decor_lifestyle_gifts
home_decor_lifestyle_gifts_candles_scent_candles,Candles,home_decor_lifestyle_gifts_candles_scent
home_decor_lifestyle_gifts_candles_scent_diffusers,Diffusers,home_decor_lifestyle_gifts_candles_scent
home_decor_lifestyle_gifts_candles_scent_incense,Incense,home_decor_lifestyle_gifts_candles_scent
home_decor_lifestyle_gifts_candles_scent_matches,Matches,home_decor_lifestyle_gifts_candles_scent
home_decor_lifestyle_gifts_candles_scent_room_sprays,Room Sprays,home_decor_lifestyle_gifts_candles_scent
home_decor_lifestyle_gifts_comfort_cozy,Comfort & Cozy,home_decor_lifestyle_gifts
home_decor_lifestyle_gifts_comfort_cozy_blankets,Blankets,home_decor_lifestyle_gifts_comfort_cozy
home_decor_lifestyle_gifts_comfort_cozy_pillows,Pillows,home_decor_lifestyle_gifts_comfort_cozy
home_decor_lifestyle_gifts_comfort_cozy_socks,Socks,home_decor_lifestyle_gifts_comfort_cozy
home_decor_lifestyle_gifts_comfort_cozy_hotcold_packs,Hot/Cold Packs,home_decor_lifestyle_gifts_comfort_cozy
home_decor_lifestyle_gifts_comfort_cozy_sleep_masks,Sleep Masks,home_decor_lifestyle_gifts_comfort_cozy
home_decor_lifestyle_gifts_bath_body,Bath & Body,home_decor_lifestyle_gifts
home_decor_lifestyle_gifts_bath_body_soaps,Soaps,home_decor_lifestyle_gifts_bath_body
home_decor_lifestyle_gifts_bath_body_lotions,Lotions,home_decor_lifestyle_gifts_bath_body
home_decor_lifestyle_gifts_bath_body_lip_balm,Lip Balm,home_decor_lifestyle_gifts_bath_body
home_decor_lifestyle_gifts_bath_body_bath_bombs,Bath Bombs,home_decor_lifestyle_gifts_bath_body
home_decor_lifestyle_gifts_bath_body_hand_cream,Hand Cream,home_decor_lifestyle_gifts_bath_body
home_decor_lifestyle_gifts_garden_nature,Garden & Nature,home_decor_lifestyle_gifts
home_decor_lifestyle_gifts_garden_nature_seed_kits,Seed Kits,home_decor_lifestyle_gifts_garden_nature
home_decor_lifestyle_gifts_garden_nature_plant_markers,Plant Markers,home_decor_lifestyle_gifts_garden_nature
home_decor_lifestyle_gifts_garden_nature_planters,Planters,home_decor_lifestyle_gifts_garden_nature
home_decor_lifestyle_gifts_garden_nature_bird_gifts,Bird Gifts,home_decor_lifestyle_gifts_garden_nature
home_decor_lifestyle_gifts_pet_gifts,Pet Gifts,home_decor_lifestyle_gifts
home_decor_lifestyle_gifts_pet_gifts_pet_toys,Pet Toys,home_decor_lifestyle_gifts_pet_gifts
home_decor_lifestyle_gifts_pet_gifts_pet_bandanas,Pet Bandanas,home_decor_lifestyle_gifts_pet_gifts
home_decor_lifestyle_gifts_pet_gifts_literary_pet_accessories,Literary Pet Accessories,home_decor_lifestyle_gifts_pet_gifts
home_decor_lifestyle_gifts_novelty_gifts,Novelty Gifts,home_decor_lifestyle_gifts
home_decor_lifestyle_gifts_novelty_gifts_desk_toys,Desk Toys,home_decor_lifestyle_gifts_novelty_gifts
home_decor_lifestyle_gifts_novelty_gifts_gag_gifts,Gag Gifts,home_decor_lifestyle_gifts_novelty_gifts
home_decor_lifestyle_gifts_novelty_gifts_conversation_pieces,Conversation Pieces,home_decor_lifestyle_gifts_novelty_gifts
food_beverage_consumables,"Food, Beverage & Consumables",
food_beverage_consumables_tea_coffee_cocoa,"Tea, Coffee & Cocoa",food_beverage_consumables
food_beverage_consumables_tea_coffee_cocoa_loose_tea,Loose Tea,food_beverage_consumables_tea_coffee_cocoa
food_beverage_consumables_tea_coffee_cocoa_tea_bags,Tea Bags,food_beverage_consumables_tea_coffee_cocoa
food_beverage_consumables_tea_coffee_cocoa_coffee_beans,Coffee Beans,food_beverage_consumables_tea_coffee_cocoa
food_beverage_consumables_tea_coffee_cocoa_ground_coffee,Ground Coffee,food_beverage_consumables_tea_coffee_cocoa
food_beverage_consumables_tea_coffee_cocoa_cocoa_mix,Cocoa Mix,food_beverage_consumables_tea_coffee_cocoa
food_beverage_consumables_candy_confections,Candy & Confections,food_beverage_consumables
food_beverage_consumables_candy_confections_chocolate,Chocolate,food_beverage_consumables_candy_confections
food_beverage_consumables_candy_confections_gummies,Gummies,food_beverage_consumables_candy_confections
food_beverage_consumables_candy_confections_hard_candy,Hard Candy,food_beverage_consumables_candy_confections
food_beverage_consumables_candy_confections_mints,Mints,food_beverage_consumables_candy_confections
food_beverage_consumables_candy_confections_seasonal_candy,Seasonal Candy,food_beverage_consumables_candy_confections
food_beverage_consumables_snacks,Snacks,food_beverage_consumables
food_beverage_consumables_snacks_crackers,Crackers,food_beverage_consumables_snacks
food_beverage_consumables_snacks_cookies,Cookies,food_beverage_consumables_snacks
food_beverage_consumables_snacks_popcorn,Popcorn,food_beverage_consumables_snacks
food_beverage_consumables_snacks_trail_mix,Trail Mix,food_beverage_consumables_snacks
food_beverage_consumables_snacks_packaged_snacks,Packaged Snacks,food_beverage_consumables_snacks
food_beverage_consumables_local_gourmet_food,Local & Gourmet Food,food_beverage_consumables
food_beverage_consumables_local_gourmet_food_local_honey,Local Honey,food_beverage_consumables_local_gourmet_food
food_beverage_consumables_local_gourmet_food_jams,Jams,food_beverage_consumables_local_gourmet_food
food_beverage_consumables_local_gourmet_food_sauces,Sauces,food_beverage_consumables_local_gourmet_food
food_beverage_consumables_local_gourmet_food_smallbatch_foods,Small-Batch Foods,food_beverage_consumables_local_gourmet_food
food_beverage_consumables_caf_packaged_goods,Café Packaged Goods,food_beverage_consumables
food_beverage_consumables_caf_packaged_goods_caf_prepackaged_food,Café Prepackaged Food,food_beverage_consumables_caf_packaged_goods
food_beverage_consumables_caf_packaged_goods_grabandgo,Grab-and-Go,food_beverage_consumables_caf_packaged_goods
food_beverage_consumables_caf_packaged_goods_bakery_case_packaged_items,Bakery Case Packaged Items,food_beverage_consumables_caf_packaged_goods
food_beverage_consumables_gift_food,Gift Food,food_beverage_consumables
food_beverage_consumables_gift_food_food_gift_sets,Food Gift Sets,food_beverage_consumables_gift_food
food_beverage_consumables_gift_food_cocoa_kits,Cocoa Kits,food_beverage_consumables_gift_food
food_beverage_consumables_gift_food_tea_samplers,Tea Samplers,food_beverage_consumables_gift_food
food_beverage_consumables_gift_food_candy_tins,Candy Tins,food_beverage_consumables_gift_food
food_beverage_consumables_beverage_accessories,Beverage Accessories,food_beverage_consumables
food_beverage_consumables_beverage_accessories_tea_strainers,Tea Strainers,food_beverage_consumables_beverage_accessories
food_beverage_consumables_beverage_accessories_cocoa_spoons,Cocoa Spoons,food_beverage_consumables_beverage_accessories
food_beverage_consumables_beverage_accessories_drink_toppers,Drink Toppers,food_beverage_consumables_beverage_accessories
spirituality_wellness_mindfulness,"Spirituality, Wellness & Mindfulness",
spirituality_wellness_mindfulness_tarot_oracle,Tarot & Oracle,spirituality_wellness_mindfulness
spirituality_wellness_mindfulness_tarot_oracle_tarot_decks,Tarot Decks,spirituality_wellness_mindfulness_tarot_oracle
spirituality_wellness_mindfulness_tarot_oracle_oracle_decks,Oracle Decks,spirituality_wellness_mindfulness_tarot_oracle
spirituality_wellness_mindfulness_tarot_oracle_guidebookdeck_sets,Guidebook/Deck Sets,spirituality_wellness_mindfulness_tarot_oracle
spirituality_wellness_mindfulness_divination_reflection_cards,Divination & Reflection Cards,spirituality_wellness_mindfulness
spirituality_wellness_mindfulness_divination_reflection_cards_affirmation_decks,Affirmation Decks,spirituality_wellness_mindfulness_divination_reflection_cards
spirituality_wellness_mindfulness_divination_reflection_cards_prompt_decks,Prompt Decks,spirituality_wellness_mindfulness_divination_reflection_cards
spirituality_wellness_mindfulness_divination_reflection_cards_wisdom_cards,Wisdom Cards,spirituality_wellness_mindfulness_divination_reflection_cards
spirituality_wellness_mindfulness_meditation_mindfulness,Meditation & Mindfulness,spirituality_wellness_mindfulness
spirituality_wellness_mindfulness_meditation_mindfulness_meditation_cushions,Meditation Cushions,spirituality_wellness_mindfulness_meditation_mindfulness
spirituality_wellness_mindfulness_meditation_mindfulness_timers,Timers,spirituality_wellness_mindfulness_meditation_mindfulness
spirituality_wellness_mindfulness_meditation_mindfulness_bells,Bells,spirituality_wellness_mindfulness_meditation_mindfulness
spirituality_wellness_mindfulness_meditation_mindfulness_mindfulness_kits,Mindfulness Kits,spirituality_wellness_mindfulness_meditation_mindfulness
spirituality_wellness_mindfulness_yoga_movement,Yoga & Movement,spirituality_wellness_mindfulness
spirituality_wellness_mindfulness_yoga_movement_yoga_cards,Yoga Cards,spirituality_wellness_mindfulness_yoga_movement
spirituality_wellness_mindfulness_yoga_movement_yoga_straps,Yoga Straps,spirituality_wellness_mindfulness_yoga_movement
spirituality_wellness_mindfulness_yoga_movement_yoga_accessories,Yoga Accessories,spirituality_wellness_mindfulness_yoga_movement
spirituality_wellness_mindfulness_crystals_stones,Crystals & Stones,spirituality_wellness_mindfulness
spirituality_wellness_mindfulness_crystals_stones_crystals,Crystals,spirituality_wellness_mindfulness_crystals_stones
spirituality_wellness_mindfulness_crystals_stones_stones,Stones,spirituality_wellness_mindfulness_crystals_stones
spirituality_wellness_mindfulness_crystals_stones_crystal_kits,Crystal Kits,spirituality_wellness_mindfulness_crystals_stones
spirituality_wellness_mindfulness_ritual_atmosphere,Ritual & Atmosphere,spirituality_wellness_mindfulness
spirituality_wellness_mindfulness_ritual_atmosphere_incense,Incense,spirituality_wellness_mindfulness_ritual_atmosphere
spirituality_wellness_mindfulness_ritual_atmosphere_smudging_accessories,Smudging Accessories,spirituality_wellness_mindfulness_ritual_atmosphere
spirituality_wellness_mindfulness_ritual_atmosphere_candles,Candles,spirituality_wellness_mindfulness_ritual_atmosphere
spirituality_wellness_mindfulness_ritual_atmosphere_altar_cloths,Altar Cloths,spirituality_wellness_mindfulness_ritual_atmosphere
spirituality_wellness_mindfulness_selfcare_gifts,Self-Care Gifts,spirituality_wellness_mindfulness
spirituality_wellness_mindfulness_selfcare_gifts_wellness_journals,Wellness Journals,spirituality_wellness_mindfulness_selfcare_gifts
spirituality_wellness_mindfulness_selfcare_gifts_gratitude_kits,Gratitude Kits,spirituality_wellness_mindfulness_selfcare_gifts
spirituality_wellness_mindfulness_selfcare_gifts_comfort_kits,Comfort Kits,spirituality_wellness_mindfulness_selfcare_gifts
seasonal_party_event_merchandise,"Seasonal, Party & Event Merchandise",
seasonal_party_event_merchandise_holiday_merchandise,Holiday Merchandise,seasonal_party_event_merchandise
seasonal_party_event_merchandise_holiday_merchandise_christmas,Christmas,seasonal_party_event_merchandise_holiday_merchandise
seasonal_party_event_merchandise_holiday_merchandise_hanukkah,Hanukkah,seasonal_party_event_merchandise_holiday_merchandise
seasonal_party_event_merchandise_holiday_merchandise_kwanzaa,Kwanzaa,seasonal_party_event_merchandise_holiday_merchandise
seasonal_party_event_merchandise_holiday_merchandise_diwali,Diwali,seasonal_party_event_merchandise_holiday_merchandise
seasonal_party_event_merchandise_holiday_merchandise_halloween,Halloween,seasonal_party_event_merchandise_holiday_merchandise
seasonal_party_event_merchandise_holiday_merchandise_valentines_day,Valentine's Day,seasonal_party_event_merchandise_holiday_merchandise
seasonal_party_event_merchandise_holiday_merchandise_easter,Easter,seasonal_party_event_merchandise_holiday_merchandise
seasonal_party_event_merchandise_seasonal_merchandise,Seasonal Merchandise,seasonal_party_event_merchandise
seasonal_party_event_merchandise_seasonal_merchandise_backtoschool,Back-to-School,seasonal_party_event_merchandise_seasonal_merchandise
seasonal_party_event_merchandise_seasonal_merchandise_summer_reading,Summer Reading,seasonal_party_event_merchandise_seasonal_merchandise
seasonal_party_event_merchandise_seasonal_merchandise_winter_cozy,Winter Cozy,seasonal_party_event_merchandise_seasonal_merchandise
seasonal_party_event_merchandise_seasonal_merchandise_graduation_season,Graduation Season,seasonal_party_event_merchandise_seasonal_merchandise
seasonal_party_event_merchandise_party_supplies,Party Supplies,seasonal_party_event_merchandise
seasonal_party_event_merchandise_party_supplies_balloons,Balloons,seasonal_party_event_merchandise_party_supplies
seasonal_party_event_merchandise_party_supplies_banners,Banners,seasonal_party_event_merchandise_party_supplies
seasonal_party_event_merchandise_party_supplies_candles,Candles,seasonal_party_event_merchandise_party_supplies
seasonal_party_event_merchandise_party_supplies_party_favors,Party Favors,seasonal_party_event_merchandise_party_supplies
seasonal_party_event_merchandise_party_supplies_paper_plates,Paper Plates,seasonal_party_event_merchandise_party_supplies
seasonal_party_event_merchandise_party_supplies_napkins,Napkins,seasonal_party_event_merchandise_party_supplies
seasonal_party_event_merchandise_event_merchandise,Event Merchandise,seasonal_party_event_merchandise
seasonal_party_event_merchandise_event_merchandise_authorevent_merchandise,Author-Event Merchandise,seasonal_party_event_merchandise_event_merchandise
seasonal_party_event_merchandise_event_merchandise_festival_merchandise,Festival Merchandise,seasonal_party_event_merchandise_event_merchandise
seasonal_party_event_merchandise_event_merchandise_book_fair_items,Book Fair Items,seasonal_party_event_merchandise_event_merchandise
seasonal_party_event_merchandise_teacher_school_gifts,Teacher & School Gifts,seasonal_party_event_merchandise
seasonal_party_event_merchandise_teacher_school_gifts_teacher_gifts,Teacher Gifts,seasonal_party_event_merchandise_teacher_school_gifts
seasonal_party_event_merchandise_teacher_school_gifts_classroom_rewards,Classroom Rewards,seasonal_party_event_merchandise_teacher_school_gifts
seasonal_party_event_merchandise_teacher_school_gifts_schoolspirit_items,School-Spirit Items,seasonal_party_event_merchandise_teacher_school_gifts
seasonal_party_event_merchandise_local_tourist_gifts,Local / Tourist Gifts,seasonal_party_event_merchandise
seasonal_party_event_merchandise_local_tourist_gifts_local_postcards,Local Postcards,seasonal_party_event_merchandise_local_tourist_gifts
seasonal_party_event_merchandise_local_tourist_gifts_magnets,Magnets,seasonal_party_event_merchandise_local_tourist_gifts
seasonal_party_event_merchandise_local_tourist_gifts_ornaments,Ornaments,seasonal_party_event_merchandise_local_tourist_gifts
seasonal_party_event_merchandise_local_tourist_gifts_regional_souvenirs,Regional Souvenirs,seasonal_party_event_merchandise_local_tourist_gifts
seasonal_party_event_merchandise_book_club_gifts,Book Club Gifts,seasonal_party_event_merchandise
seasonal_party_event_merchandise_book_club_gifts_book_club_kits,Book Club Kits,seasonal_party_event_merchandise_book_club_gifts
seasonal_party_event_merchandise_book_club_gifts_reading_challenge_cards,Reading Challenge Cards,seasonal_party_event_merchandise_book_club_gifts
seasonal_party_event_merchandise_book_club_gifts_discussion_decks,Discussion Decks,seasonal_party_event_merchandise_book_club_gifts